1.商品タイプ,2.出品者SKU,3.ブランド名,4.商品タイトル,5.商品コード,6.商品コードのタイプ,7.メーカー名,8.推奨ブラウズノード,9.アダルド商品,10.在庫数,11.価格,12.商品画像URL,13.対象性別,14.メーカー型番,15.商品説明,16.メルカリページ
hobbies,20231222-607913-1328,ノーブランド品,呪術廻戦 バースデイペンライト 伏黒恵 ジャンプショップ限定ver. バースデー,,,ノーブランド,2277722051,いいえ,1,18332.5,https://static.mercdn.net/item/detail/orig/photos/m82577230711_1.jpg?1703208993,unisex,20231222-607913-1328,全国送料無料 新品の商品です。店舗でも販売しておりますので、在庫切れの場合はキャンセルさせていただく場合があります。セットものは別々に届く場合があります。お届けまでに1週間ｰ10日ほどかかる場合がございますので、ご了承願います。,https://jp.mercari.com/item/m82577230711
hobbies,20231222-421741-1328,ノーブランド品,にじさんじ 渡会雲雀 誕生日 2023 アクリルフォトフレーム,,,ノーブランド,2277722051,いいえ,1,19442.5,https://static.mercdn.net/item/detail/orig/photos/m34628158054_1.jpg?1703209102,unisex,20231222-421741-1328,全国送料無料 新品の商品です。店舗でも販売しておりますので、在庫切れの場合はキャンセルさせていただく場合があります。セットものは別々に届く場合があります。お届けまでに1週間ｰ10日ほどかかる場合がございますので、ご了承願います。,https://jp.mercari.com/item/m34628158054
hobbies,20231222-796225-1328,ノーブランド品,シャイニートレジャーex 1BOX  シュリンク無し（製造番号一致）,,,ノーブランド,2277722051,いいえ,1,16110.0,https://static.mercdn.net/item/detail/orig/photos/m76186796007_1.jpg?1703209101,unisex,20231222-796225-1328,全国送料無料 新品の商品です。店舗でも販売しておりますので、在庫切れの場合はキャンセルさせていただく場合があります。セットものは別々に届く場合があります。お届けまでに1週間ｰ10日ほどかかる場合がございますので、ご了承願います。,https://jp.mercari.com/item/m76186796007
hobbies,20231222-249182-1328,ノーブランド品,ハッピーセット　マクドナルド　キティちゃん　キティ　マック　サンリオ　ベビー,,,ノーブランド,2277722051,いいえ,1,15000.0,https://static.mercdn.net/item/detail/orig/photos/m63367633151_1.jpg?1703209085,unisex,20231222-249182-1328,全国送料無料 新品の商品です。店舗でも販売しておりますので、在庫切れの場合はキャンセルさせていただく場合があります。セットものは別々に届く場合があります。お届けまでに1週間ｰ10日ほどかかる場合がございますので、ご了承願います。,https://jp.mercari.com/item/m63367633151
hobbies,20231222-339904-1328,ノーブランド品,SSSS.DYNAZENON THE合体 合体竜人 DXダイナゼノン,,,ノーブランド,2277722051,いいえ,1,60000.0,https://static.mercdn.net/item/detail/orig/photos/m15736846167_1.jpg?1703209082,unisex,20231222-339904-1328,全国送料無料 新品の商品です。店舗でも販売しておりますので、在庫切れの場合はキャンセルさせていただく場合があります。セットものは別々に届く場合があります。お届けまでに1週間ｰ10日ほどかかる場合がございますので、ご了承願います。,https://jp.mercari.com/item/m15736846167
hobbies,20231222-130062-1328,ノーブランド品,東京エイリアンズ 雨宮零士 オンライン くじ  3点セット,,,ノーブランド,2277722051,いいえ,1,19997.5,https://static.mercdn.net/item/detail/orig/photos/m10632140080_1.jpg?1703207920,unisex,20231222-130062-1328,全国送料無料 新品の商品です。店舗でも販売しておりますので、在庫切れの場合はキャンセルさせていただく場合があります。セットものは別々に届く場合があります。お届けまでに1週間ｰ10日ほどかかる場合がございますので、ご了承願います。,https://jp.mercari.com/item/m10632140080
hobbies,20231222-113101-1328,ノーブランド品,ホロライブ　星街すいせい　ラバーマット　プレイマット,,,ノーブランド,2277722051,いいえ,1,20750.0,https://static.mercdn.net/item/detail/orig/photos/m31183889283_1.jpg?1674265739,unisex,20231222-113101-1328,全国送料無料 新品の商品です。店舗でも販売しておりますので、在庫切れの場合はキャンセルさせていただく場合があります。セットものは別々に届く場合があります。お届けまでに1週間ｰ10日ほどかかる場合がございますので、ご了承願います。,https://jp.mercari.com/item/m31183889283
hobbies,20231222-824974-1328,ノーブランド品,ポケモンカード　シュリンク付　シャイニートレジャー　未来の一閃,,,ノーブランド,2277722051,いいえ,1,33200.0,https://static.mercdn.net/item/detail/orig/photos/m78895165783_1.jpg?1701996263,unisex,20231222-824974-1328,全国送料無料 新品の商品です。店舗でも販売しておりますので、在庫切れの場合はキャンセルさせていただく場合があります。セットものは別々に届く場合があります。お届けまでに1週間ｰ10日ほどかかる場合がございますので、ご了承願います。,https://jp.mercari.com/item/m78895165783
hobbies,20231222-154658-1328,ノーブランド品,fate fgo マンガでわかる フィギュア グッドスマイルカンパニー ねんどろ,,,ノーブランド,2277722051,いいえ,1,13887.5,https://static.mercdn.net/item/detail/orig/photos/m41454327186_1.jpg?1703209053,unisex,20231222-154658-1328,全国送料無料 新品の商品です。店舗でも販売しておりますので、在庫切れの場合はキャンセルさせていただく場合があります。セットものは別々に届く場合があります。お届けまでに1週間ｰ10日ほどかかる場合がございますので、ご了承願います。,https://jp.mercari.com/item/m41454327186
hobbies,20231222-676697-1328,ノーブランド品,【 海外限定品！ 】エーフィ ブラッキー ポケモン プレイマット,,,ノーブランド,2277722051,いいえ,1,13750.0,https://static.mercdn.net/item/detail/orig/photos/m36972306336_1.jpg?1703209053,unisex,20231222-676697-1328,全国送料無料 新品の商品です。店舗でも販売しておりますので、在庫切れの場合はキャンセルさせていただく場合があります。セットものは別々に届く場合があります。お届けまでに1週間ｰ10日ほどかかる場合がございますので、ご了承願います。,https://jp.mercari.com/item/m36972306336
hobbies,20231222-696478-1328,ノーブランド品,ララミちゃんキーホルダー 紗栄子 那須ファームビレッジ アリソンブラウン,,,ノーブランド,2277722051,いいえ,1,16665.0,https://static.mercdn.net/item/detail/orig/photos/m73840710951_1.jpg?1703209051,unisex,20231222-696478-1328,全国送料無料 新品の商品です。店舗でも販売しておりますので、在庫切れの場合はキャンセルさせていただく場合があります。セットものは別々に届く場合があります。お届けまでに1週間ｰ10日ほどかかる場合がございますので、ご了承願います。,https://jp.mercari.com/item/m73840710951
hobbies,20231222-497669-1328,ノーブランド品,SixTONES 京本大我 アクスタ,,,ノーブランド,2277722051,いいえ,1,30000.0,https://static.mercdn.net/item/detail/orig/photos/m28739213329_1.jpg?1697817168,unisex,20231222-497669-1328,全国送料無料 新品の商品です。店舗でも販売しておりますので、在庫切れの場合はキャンセルさせていただく場合があります。セットものは別々に届く場合があります。お届けまでに1週間ｰ10日ほどかかる場合がございますので、ご了承願います。,https://jp.mercari.com/item/m28739213329
hobbies,20231222-524030-1328,ノーブランド品,銀時,,,ノーブランド,2277722051,いいえ,1,43497.5,https://static.mercdn.net/item/detail/orig/photos/m11760553321_1.jpg?1683017626,unisex,20231222-524030-1328,全国送料無料 新品の商品です。店舗でも販売しておりますので、在庫切れの場合はキャンセルさせていただく場合があります。セットものは別々に届く場合があります。お届けまでに1週間ｰ10日ほどかかる場合がございますので、ご了承願います。,https://jp.mercari.com/item/m11760553321
hobbies,20231222-603062-1328,ノーブランド品,ドズル社　おんりー　グッズ　まとめ売り,,,ノーブランド,2277722051,いいえ,1,80800.0,https://static.mercdn.net/item/detail/orig/photos/m10739945375_1.jpg?1694062894,unisex,20231222-603062-1328,全国送料無料 新品の商品です。店舗でも販売しておりますので、在庫切れの場合はキャンセルさせていただく場合があります。セットものは別々に届く場合があります。お届けまでに1週間ｰ10日ほどかかる場合がございますので、ご了承願います。,https://jp.mercari.com/item/m10739945375
hobbies,20231222-231098-1328,ノーブランド品,東京エイリアンズ 雨宮零士 オンライン くじ C賞 ミニ色紙 アクスタ,,,ノーブランド,2277722051,いいえ,1,16110.0,https://static.mercdn.net/item/detail/orig/photos/m48642553316_1.jpg?1703207968,unisex,20231222-231098-1328,全国送料無料 新品の商品です。店舗でも販売しておりますので、在庫切れの場合はキャンセルさせていただく場合があります。セットものは別々に届く場合があります。お届けまでに1週間ｰ10日ほどかかる場合がございますので、ご了承願います。,https://jp.mercari.com/item/m48642553316
hobbies,20231222-188655-1328,ノーブランド品,新品！豪華2点セット！仮面ライダーギーツ DXブーストマークⅡ ドリル＆プロペラ,,,ノーブランド,2277722051,いいえ,1,21450.0,https://static.mercdn.net/item/detail/orig/photos/m54325114296_1.jpg?1697895231,unisex,20231222-188655-1328,全国送料無料 新品の商品です。店舗でも販売しておりますので、在庫切れの場合はキャンセルさせていただく場合があります。セットものは別々に届く場合があります。お届けまでに1週間ｰ10日ほどかかる場合がございますので、ご了承願います。,https://jp.mercari.com/item/m54325114296
hobbies,20231222-690208-1328,ノーブランド品,漆器　浄法寺塗　菓子鉢　新品未使用,,,ノーブランド,2277722051,いいえ,1,17000.0,https://static.mercdn.net/item/detail/orig/photos/m51790875837_1.jpg?1701487952,unisex,20231222-690208-1328,全国送料無料 新品の商品です。店舗でも販売しておりますので、在庫切れの場合はキャンセルさせていただく場合があります。セットものは別々に届く場合があります。お届けまでに1週間ｰ10日ほどかかる場合がございますので、ご了承願います。,https://jp.mercari.com/item/m51790875837
hobbies,20231222-815265-1328,ノーブランド品,呪術廻戦 ジャンフェス 懐玉玉折 休憩 缶バッジ ガチャ 五条悟,,,ノーブランド,2277722051,いいえ,1,13887.5,https://static.mercdn.net/item/detail/orig/photos/m54943654601_1.jpg?1703151064,unisex,20231222-815265-1328,全国送料無料 新品の商品です。店舗でも販売しておりますので、在庫切れの場合はキャンセルさせていただく場合があります。セットものは別々に届く場合があります。お届けまでに1週間ｰ10日ほどかかる場合がございますので、ご了承願います。,https://jp.mercari.com/item/m54943654601
hobbies,20231222-118882-1328,ノーブランド品,ロボット魂 G-3ガンダム リアルマーキング,,,ノーブランド,2277722051,いいえ,1,17247.5,https://static.mercdn.net/item/detail/orig/photos/m77445418864_1.jpg?1703084010,unisex,20231222-118882-1328,全国送料無料 新品の商品です。店舗でも販売しておりますので、在庫切れの場合はキャンセルさせていただく場合があります。セットものは別々に届く場合があります。お届けまでに1週間ｰ10日ほどかかる場合がございますので、ご了承願います。,https://jp.mercari.com/item/m77445418864
hobbies,20231222-321482-1328,ノーブランド品,METAL ROBOT魂 騎士ガンダム サタンガンダム 計3体セット,,,ノーブランド,2277722051,いいえ,1,86000.0,https://static.mercdn.net/item/detail/orig/photos/m95306308042_1.jpg?1701502417,unisex,20231222-321482-1328,全国送料無料 新品の商品です。店舗でも販売しておりますので、在庫切れの場合はキャンセルさせていただく場合があります。セットものは別々に届く場合があります。お届けまでに1週間ｰ10日ほどかかる場合がございますので、ご了承願います。,https://jp.mercari.com/item/m95306308042
hobbies,20231222-543304-1328,ノーブランド品,BANDAI NAMCO Entertainment バトルスピリッツ 佐賀 歴史の誕生 コアセット c01 ,,,ノーブランド,2277722051,いいえ,1,13105.0,https://assets.mercari-shops-static.com/-/small/plain/tfXmXpgET22H9RokqvDGNe.jpg@webp,unisex,20231222-543304-1328,全国送料無料 新品の商品です。店舗でも販売しておりますので、在庫切れの場合はキャンセルさせていただく場合があります。セットものは別々に届く場合があります。お届けまでに1週間ｰ10日ほどかかる場合がございますので、ご了承願います。,https://jp.mercari.com/shops/product/bKHuvB3ryWviXSD28yfBrH
hobbies,20231222-951146-1328,ノーブランド品,新品！王様戦隊キングオージャーDXキングオージャー DXゴッドカブト 2点セット,,,ノーブランド,2277722051,いいえ,1,31200.0,https://static.mercdn.net/item/detail/orig/photos/m15050776058_1.jpg?1697895656,unisex,20231222-951146-1328,全国送料無料 新品の商品です。店舗でも販売しておりますので、在庫切れの場合はキャンセルさせていただく場合があります。セットものは別々に届く場合があります。お届けまでに1週間ｰ10日ほどかかる場合がございますので、ご了承願います。,https://jp.mercari.com/item/m15050776058
hobbies,20231222-376803-1328,ノーブランド品,RG1/144GUNDAMSIDE-限定νガンダムファーストロットカラー,,,ノーブランド,2277722051,いいえ,1,31125.0,https://static.mercdn.net/item/detail/orig/photos/m82736328942_1.jpg?1703208101,unisex,20231222-376803-1328,全国送料無料 新品の商品です。店舗でも販売しておりますので、在庫切れの場合はキャンセルさせていただく場合があります。セットものは別々に届く場合があります。お届けまでに1週間ｰ10日ほどかかる場合がございますので、ご了承願います。,https://jp.mercari.com/item/m82736328942
hobbies,20231222-729120-1328,ノーブランド品,ドラゴンボールカード、ベジットアメ玉、悟飯少年期、孫悟空、ベジット,,,ノーブランド,2277722051,いいえ,1,20750.0,https://static.mercdn.net/item/detail/orig/photos/m53845935537_1.jpg?1703144830,unisex,20231222-729120-1328,全国送料無料 新品の商品です。店舗でも販売しておりますので、在庫切れの場合はキャンセルさせていただく場合があります。セットものは別々に届く場合があります。お届けまでに1週間ｰ10日ほどかかる場合がございますので、ご了承願います。,https://jp.mercari.com/item/m53845935537
hobbies,20231222-267516-1328,ノーブランド品,ウマ娘 season3 1番くじ A賞 ドゥラメンテ,,,ノーブランド,2277722051,いいえ,1,22500.0,https://static.mercdn.net/item/detail/orig/photos/m38858636031_1.jpg?1703209031,unisex,20231222-267516-1328,全国送料無料 新品の商品です。店舗でも販売しておりますので、在庫切れの場合はキャンセルさせていただく場合があります。セットものは別々に届く場合があります。お届けまでに1週間ｰ10日ほどかかる場合がございますので、ご了承願います。,https://jp.mercari.com/item/m38858636031
hobbies,20231222-701997-1328,ノーブランド品,呪術廻戦 伏黒恵 ペンライト,,,ノーブランド,2277722051,いいえ,1,19442.5,https://static.mercdn.net/item/detail/orig/photos/m84794843880_1.jpg?1703209030,unisex,20231222-701997-1328,全国送料無料 新品の商品です。店舗でも販売しておりますので、在庫切れの場合はキャンセルさせていただく場合があります。セットものは別々に届く場合があります。お届けまでに1週間ｰ10日ほどかかる場合がございますので、ご了承願います。,https://jp.mercari.com/item/m84794843880
hobbies,20231222-968694-1328,ノーブランド品,ラスト在庫！フルコンプ ワンピース ワーコレ フィギュア ギア5 全5種セット,,,ノーブランド,2277722051,いいえ,1,33970.0,https://static.mercdn.net/item/detail/orig/photos/m78813089752_1.jpg?1702741155,unisex,20231222-968694-1328,全国送料無料 新品の商品です。店舗でも販売しておりますので、在庫切れの場合はキャンセルさせていただく場合があります。セットものは別々に届く場合があります。お届けまでに1週間ｰ10日ほどかかる場合がございますので、ご了承願います。,https://jp.mercari.com/item/m78813089752
hobbies,20231222-356976-1328,ノーブランド品,ディズニー チップとデール 一番くじ セット,,,ノーブランド,2277722051,いいえ,1,16250.0,https://static.mercdn.net/item/detail/orig/photos/m63627189010_1.jpg?1703209028,unisex,20231222-356976-1328,全国送料無料 新品の商品です。店舗でも販売しておりますので、在庫切れの場合はキャンセルさせていただく場合があります。セットものは別々に届く場合があります。お届けまでに1週間ｰ10日ほどかかる場合がございますので、ご了承願います。,https://jp.mercari.com/item/m63627189010
hobbies,20231222-194594-1328,ノーブランド品,ギア5 ワンピース ワーコレ GEAR5 ニカ　ルフィ ワールドコレクタブル,,,ノーブランド,2277722051,いいえ,1,69400.0,https://static.mercdn.net/item/detail/orig/photos/m98324513918_1.jpg?1699956500,unisex,20231222-194594-1328,全国送料無料 新品の商品です。店舗でも販売しておりますので、在庫切れの場合はキャンセルさせていただく場合があります。セットものは別々に届く場合があります。お届けまでに1週間ｰ10日ほどかかる場合がございますので、ご了承願います。,https://jp.mercari.com/item/m98324513918
hobbies,20231222-974287-1328,ノーブランド品,ホロライブ　白上フブキ　活動5周年記念グッズ　数量限定直筆サイン,,,ノーブランド,2277722051,いいえ,1,47500.0,https://static.mercdn.net/item/detail/orig/photos/m16779692411_1.jpg?1703157363,unisex,20231222-974287-1328,全国送料無料 新品の商品です。店舗でも販売しておりますので、在庫切れの場合はキャンセルさせていただく場合があります。セットものは別々に届く場合があります。お届けまでに1週間ｰ10日ほどかかる場合がございますので、ご了承願います。,https://jp.mercari.com/item/m16779692411
hobbies,20231222-442130-1328,ノーブランド品,FUNKOスーサイドスクワットDC バットマン ハーレイクイン ジョーカー,,,ノーブランド,2277722051,いいえ,1,13700.0,https://static.mercdn.net/item/detail/orig/photos/m63203223918_1.jpg?1696635955,unisex,20231222-442130-1328,全国送料無料 新品の商品です。店舗でも販売しておりますので、在庫切れの場合はキャンセルさせていただく場合があります。セットものは別々に届く場合があります。お届けまでに1週間ｰ10日ほどかかる場合がございますので、ご了承願います。,https://jp.mercari.com/item/m63203223918
hobbies,20231222-651601-1328,ノーブランド品,ポケモンカード　トドロクツキ　ex sar,,,ノーブランド,2277722051,いいえ,1,30000.0,https://static.mercdn.net/item/detail/orig/photos/m95723311345_1.jpg?1698987084,unisex,20231222-651601-1328,全国送料無料 新品の商品です。店舗でも販売しておりますので、在庫切れの場合はキャンセルさせていただく場合があります。セットものは別々に届く場合があります。お届けまでに1週間ｰ10日ほどかかる場合がございますので、ご了承願います。,https://jp.mercari.com/item/m95723311345
hobbies,20231222-554463-1328,ノーブランド品,ROBOT魂 ゲルググM指揮官機シーマ　ガラハウ機　リリー・マルレーン発艦仕様,,,ノーブランド,2277722051,いいえ,1,28500.0,https://static.mercdn.net/item/detail/orig/photos/m71179896984_1.jpg?1703083444,unisex,20231222-554463-1328,全国送料無料 新品の商品です。店舗でも販売しておりますので、在庫切れの場合はキャンセルさせていただく場合があります。セットものは別々に届く場合があります。お届けまでに1週間ｰ10日ほどかかる場合がございますので、ご了承願います。,https://jp.mercari.com/item/m71179896984
hobbies,20231222-786130-1328,ノーブランド品,twice てるてるバッグチャーム　サブリー,,,ノーブランド,2277722051,いいえ,1,12500.0,https://static.mercdn.net/item/detail/orig/photos/m13101025679_1.jpg?1703208971,unisex,20231222-786130-1328,全国送料無料 新品の商品です。店舗でも販売しておりますので、在庫切れの場合はキャンセルさせていただく場合があります。セットものは別々に届く場合があります。お届けまでに1週間ｰ10日ほどかかる場合がございますので、ご了承願います。,https://jp.mercari.com/item/m13101025679
hobbies,20231222-268786-1328,ノーブランド品,HG ガンダムルブリスアノクタ　セット　ガンプラ,,,ノーブランド,2277722051,いいえ,1,17497.5,https://static.mercdn.net/item/detail/orig/photos/m70768130831_1.jpg?1703209020,unisex,20231222-268786-1328,全国送料無料 新品の商品です。店舗でも販売しておりますので、在庫切れの場合はキャンセルさせていただく場合があります。セットものは別々に届く場合があります。お届けまでに1週間ｰ10日ほどかかる場合がございますので、ご了承願います。,https://jp.mercari.com/item/m70768130831
hobbies,20231222-137330-1328,ノーブランド品,生徒会にも穴はある　むちまろ　陸奥こまろセット,,,ノーブランド,2277722051,いいえ,1,37500.0,https://static.mercdn.net/item/detail/orig/photos/m92890306387_1.jpg?1698978402,unisex,20231222-137330-1328,全国送料無料 新品の商品です。店舗でも販売しておりますので、在庫切れの場合はキャンセルさせていただく場合があります。セットものは別々に届く場合があります。お届けまでに1週間ｰ10日ほどかかる場合がございますので、ご了承願います。,https://jp.mercari.com/item/m92890306387
hobbies,20231222-915146-1328,ノーブランド品,ヴァンガード ディアブロスガールズ ステファニー SEC,,,ノーブランド,2277722051,いいえ,1,13887.5,https://static.mercdn.net/item/detail/orig/photos/m84909907180_1.jpg?1702778924,unisex,20231222-915146-1328,全国送料無料 新品の商品です。店舗でも販売しておりますので、在庫切れの場合はキャンセルさせていただく場合があります。セットものは別々に届く場合があります。お届けまでに1週間ｰ10日ほどかかる場合がございますので、ご了承願います。,https://jp.mercari.com/item/m84909907180
hobbies,20231222-929941-1328,ノーブランド品,《新品》ハイスクールD×D リアス・グレモリー バニーver. 1/6フィギュア,,,ノーブランド,2277722051,いいえ,1,44000.0,https://static.mercdn.net/item/detail/orig/photos/m48971305409_1.jpg?1702439266,unisex,20231222-929941-1328,全国送料無料 新品の商品です。店舗でも販売しておりますので、在庫切れの場合はキャンセルさせていただく場合があります。セットものは別々に届く場合があります。お届けまでに1週間ｰ10日ほどかかる場合がございますので、ご了承願います。,https://jp.mercari.com/item/m48971305409
hobbies,20231222-190575-1328,ノーブランド品,岩田剛典 クリアチャーム  缶バッジ ミニリース ワッペンバッジ ガーランド,,,ノーブランド,2277722051,いいえ,1,24997.5,https://static.mercdn.net/item/detail/orig/photos/m38089637692_1.jpg?1703193021,unisex,20231222-190575-1328,全国送料無料 新品の商品です。店舗でも販売しておりますので、在庫切れの場合はキャンセルさせていただく場合があります。セットものは別々に届く場合があります。お届けまでに1週間ｰ10日ほどかかる場合がございますので、ご了承願います。,https://jp.mercari.com/item/m38089637692
hobbies,20231222-474285-1328,ノーブランド品,ちいかわセットぽてたまぬいぐるみ囚人ゾンビマスコットちいかわ水族館ナガノのくま,,,ノーブランド,2277722051,いいえ,1,18332.5,https://static.mercdn.net/item/detail/orig/photos/m60334047980_1.jpg?1703209011,unisex,20231222-474285-1328,全国送料無料 新品の商品です。店舗でも販売しておりますので、在庫切れの場合はキャンセルさせていただく場合があります。セットものは別々に届く場合があります。お届けまでに1週間ｰ10日ほどかかる場合がございますので、ご了承願います。,https://jp.mercari.com/item/m60334047980
hobbies,20231222-919718-1328,ノーブランド品,ジバンシー　クリーム　ランタンポレル化粧水　2点セット,,,ノーブランド,2277722051,いいえ,1,23750.0,https://static.mercdn.net/item/detail/orig/photos/m77554130374_1.jpg?1702131176,unisex,20231222-919718-1328,全国送料無料 新品の商品です。店舗でも販売しておりますので、在庫切れの場合はキャンセルさせていただく場合があります。セットものは別々に届く場合があります。お届けまでに1週間ｰ10日ほどかかる場合がございますので、ご了承願います。,https://jp.mercari.com/item/m77554130374
hobbies,20231222-370864-1328,ノーブランド品,ちいかわ　ぬいぐるみ　ヒロアカ,,,ノーブランド,2277722051,いいえ,1,13497.5,https://static.mercdn.net/item/detail/orig/photos/m46664447927_1.jpg?1702614351,unisex,20231222-370864-1328,全国送料無料 新品の商品です。店舗でも販売しておりますので、在庫切れの場合はキャンセルさせていただく場合があります。セットものは別々に届く場合があります。お届けまでに1週間ｰ10日ほどかかる場合がございますので、ご了承願います。,https://jp.mercari.com/item/m46664447927
hobbies,20231222-166222-1328,ノーブランド品,吹奏楽　美女と野獣,,,ノーブランド,2277722051,いいえ,1,30750.0,https://static.mercdn.net/item/detail/orig/photos/m14811206147_1.jpg?1698042516,unisex,20231222-166222-1328,全国送料無料 新品の商品です。店舗でも販売しておりますので、在庫切れの場合はキャンセルさせていただく場合があります。セットものは別々に届く場合があります。お届けまでに1週間ｰ10日ほどかかる場合がございますので、ご了承願います。,https://jp.mercari.com/item/m14811206147
hobbies,20231222-728404-1328,ノーブランド品,遊戯王　アニバーサリーボックス　gu 未開封　xl,,,ノーブランド,2277722051,いいえ,1,34950.0,https://static.mercdn.net/item/detail/orig/photos/m32267541294_1.jpg?1702786583,unisex,20231222-728404-1328,全国送料無料 新品の商品です。店舗でも販売しておりますので、在庫切れの場合はキャンセルさせていただく場合があります。セットものは別々に届く場合があります。お届けまでに1週間ｰ10日ほどかかる場合がございますので、ご了承願います。,https://jp.mercari.com/item/m32267541294
hobbies,20231222-100634-1328,ノーブランド品,ホロライブ　風真いろは　ラバーマット　プレイマット,,,ノーブランド,2277722051,いいえ,1,21000.0,https://static.mercdn.net/item/detail/orig/photos/m38898544496_1.jpg?1674265845,unisex,20231222-100634-1328,全国送料無料 新品の商品です。店舗でも販売しておりますので、在庫切れの場合はキャンセルさせていただく場合があります。セットものは別々に届く場合があります。お届けまでに1週間ｰ10日ほどかかる場合がございますので、ご了承願います。,https://jp.mercari.com/item/m38898544496
hobbies,20231222-151004-1328,ノーブランド品,一番くじ ピローアカデミア ラストワン賞,,,ノーブランド,2277722051,いいえ,1,19000.0,https://static.mercdn.net/item/detail/orig/photos/m71555835937_1.jpg?1702863285,unisex,20231222-151004-1328,全国送料無料 新品の商品です。店舗でも販売しておりますので、在庫切れの場合はキャンセルさせていただく場合があります。セットものは別々に届く場合があります。お届けまでに1週間ｰ10日ほどかかる場合がございますので、ご了承願います。,https://jp.mercari.com/item/m71555835937
hobbies,20231222-703476-1328,ノーブランド品,【PSA10】マグナモン Bo-300【旧デジモンカード】旧デジカ,,,ノーブランド,2277722051,いいえ,1,141600.0,https://static.mercdn.net/item/detail/orig/photos/m67820186837_1.jpg?1695015428,unisex,20231222-703476-1328,全国送料無料 新品の商品です。店舗でも販売しておりますので、在庫切れの場合はキャンセルさせていただく場合があります。セットものは別々に届く場合があります。お届けまでに1週間ｰ10日ほどかかる場合がございますので、ご了承願います。,https://jp.mercari.com/item/m67820186837
hobbies,20231222-887093-1328,ノーブランド品,名探偵コナン　プレミアムグレイスシチュエーション　コンプリートセット,,,ノーブランド,2277722051,いいえ,1,45875.0,https://static.mercdn.net/item/detail/orig/photos/m64833419797_1.jpg?1694317398,unisex,20231222-887093-1328,全国送料無料 新品の商品です。店舗でも販売しておりますので、在庫切れの場合はキャンセルさせていただく場合があります。セットものは別々に届く場合があります。お届けまでに1週間ｰ10日ほどかかる場合がございますので、ご了承願います。,https://jp.mercari.com/item/m64833419797
hobbies,20231222-417791-1328,ノーブランド品,処分価格！チェンソーマンフィギュア7点(チェンソーマン/パワー/マキマ/アキ),,,ノーブランド,2277722051,いいえ,1,12500.0,https://static.mercdn.net/item/detail/orig/photos/m21852913290_1.jpg?1702993831,unisex,20231222-417791-1328,全国送料無料 新品の商品です。店舗でも販売しておりますので、在庫切れの場合はキャンセルさせていただく場合があります。セットものは別々に届く場合があります。お届けまでに1週間ｰ10日ほどかかる場合がございますので、ご了承願います。,https://jp.mercari.com/item/m21852913290
hobbies,20231222-718428-1328,ノーブランド品,ホロライブ 沙花叉クロヱ 万年カレンダー,,,ノーブランド,2277722051,いいえ,1,14000.0,https://static.mercdn.net/item/detail/orig/photos/m38614703589_1.jpg?1702938932,unisex,20231222-718428-1328,全国送料無料 新品の商品です。店舗でも販売しておりますので、在庫切れの場合はキャンセルさせていただく場合があります。セットものは別々に届く場合があります。お届けまでに1週間ｰ10日ほどかかる場合がございますので、ご了承願います。,https://jp.mercari.com/item/m38614703589
hobbies,20231222-689196-1328,ノーブランド品,デュークモン　psa10 ST385 旧デジモンカード,,,ノーブランド,2277722051,いいえ,1,141600.0,https://static.mercdn.net/item/detail/orig/photos/m25107531090_1.jpg?1695015455,unisex,20231222-689196-1328,全国送料無料 新品の商品です。店舗でも販売しておりますので、在庫切れの場合はキャンセルさせていただく場合があります。セットものは別々に届く場合があります。お届けまでに1週間ｰ10日ほどかかる場合がございますので、ご了承願います。,https://jp.mercari.com/item/m25107531090
hobbies,20231222-648953-1328,ノーブランド品,ドズル社　おらふくん　グッズ　まとめ売り,,,ノーブランド,2277722051,いいえ,1,37250.0,https://static.mercdn.net/item/detail/orig/photos/m63915121907_1.jpg?1694063110,unisex,20231222-648953-1328,全国送料無料 新品の商品です。店舗でも販売しておりますので、在庫切れの場合はキャンセルさせていただく場合があります。セットものは別々に届く場合があります。お届けまでに1週間ｰ10日ほどかかる場合がございますので、ご了承願います。,https://jp.mercari.com/item/m63915121907
hobbies,20231222-141041-1328,ノーブランド品,アイナナ  ペンライトチューブ　12種　各1,,,ノーブランド,2277722051,いいえ,1,51000.0,https://static.mercdn.net/item/detail/orig/photos/m43423475552_1.jpg?1703208997,unisex,20231222-141041-1328,全国送料無料 新品の商品です。店舗でも販売しておりますので、在庫切れの場合はキャンセルさせていただく場合があります。セットものは別々に届く場合があります。お届けまでに1週間ｰ10日ほどかかる場合がございますので、ご了承願います。,https://jp.mercari.com/item/m43423475552
hobbies,20231222-982162-1328,ノーブランド品,【PSA10】ムチュール レジェンド ホロキラ ハートゴールド ポケモンカード,,,ノーブランド,2277722051,いいえ,1,23055.0,https://static.mercdn.net/item/detail/orig/photos/m12974491147_1.jpg?1703079096,unisex,20231222-982162-1328,全国送料無料 新品の商品です。店舗でも販売しておりますので、在庫切れの場合はキャンセルさせていただく場合があります。セットものは別々に届く場合があります。お届けまでに1週間ｰ10日ほどかかる場合がございますので、ご了承願います。,https://jp.mercari.com/item/m12974491147
hobbies,20231222-197743-1328,ノーブランド品,ナンジャタウン アイナナ 千 ミニクッション,,,ノーブランド,2277722051,いいえ,1,13887.5,https://static.mercdn.net/item/detail/orig/photos/m93569594077_1.jpg?1701962387,unisex,20231222-197743-1328,全国送料無料 新品の商品です。店舗でも販売しておりますので、在庫切れの場合はキャンセルさせていただく場合があります。セットものは別々に届く場合があります。お届けまでに1週間ｰ10日ほどかかる場合がございますので、ご了承願います。,https://jp.mercari.com/item/m93569594077
hobbies,20231222-716756-1328,ノーブランド品,レアデック 限定品 まとめ売り カードマジック カーディストリー 手品 高品質,,,ノーブランド,2277722051,いいえ,1,46000.0,https://static.mercdn.net/item/detail/orig/photos/m75674850608_1.jpg?1700686280,unisex,20231222-716756-1328,全国送料無料 新品の商品です。店舗でも販売しておりますので、在庫切れの場合はキャンセルさせていただく場合があります。セットものは別々に届く場合があります。お届けまでに1週間ｰ10日ほどかかる場合がございますので、ご了承願います。,https://jp.mercari.com/item/m75674850608
hobbies,20231222-494418-1328,ノーブランド品,"殺戮の天使 レイチェル　アクリルキーホルダー Circus

新品未使用",,,ノーブランド,2277722051,いいえ,1,35500.0,https://static.mercdn.net/item/detail/orig/photos/m97533294849_1.jpg?1699268495,unisex,20231222-494418-1328,全国送料無料 新品の商品です。店舗でも販売しておりますので、在庫切れの場合はキャンセルさせていただく場合があります。セットものは別々に届く場合があります。お届けまでに1週間ｰ10日ほどかかる場合がございますので、ご了承願います。,https://jp.mercari.com/item/m97533294849
hobbies,20231222-834820-1328,ノーブランド品,【新品未使用、未開封】トランスフォーマー マスターネメシスプライム,,,ノーブランド,2277722051,いいえ,1,31750.0,https://static.mercdn.net/item/detail/orig/photos/m58052170950_1.jpg?1701074750,unisex,20231222-834820-1328,全国送料無料 新品の商品です。店舗でも販売しておりますので、在庫切れの場合はキャンセルさせていただく場合があります。セットものは別々に届く場合があります。お届けまでに1週間ｰ10日ほどかかる場合がございますので、ご了承願います。,https://jp.mercari.com/item/m58052170950
hobbies,20231222-179305-1328,ノーブランド品,01、踏みだす 絵画 アート F4,,,ノーブランド,2277722051,いいえ,1,23750.0,https://static.mercdn.net/item/detail/orig/photos/m42535841120_1.jpg?1703135535,unisex,20231222-179305-1328,全国送料無料 新品の商品です。店舗でも販売しておりますので、在庫切れの場合はキャンセルさせていただく場合があります。セットものは別々に届く場合があります。お届けまでに1週間ｰ10日ほどかかる場合がございますので、ご了承願います。,https://jp.mercari.com/item/m42535841120
hobbies,20231222-874703-1328,ノーブランド品,カービィカフェ　マグネット　ガチャガチャ,,,ノーブランド,2277722051,いいえ,1,24247.5,https://static.mercdn.net/item/detail/orig/photos/m22922612632_1.jpg?1702613270,unisex,20231222-874703-1328,全国送料無料 新品の商品です。店舗でも販売しておりますので、在庫切れの場合はキャンセルさせていただく場合があります。セットものは別々に届く場合があります。お届けまでに1週間ｰ10日ほどかかる場合がございますので、ご了承願います。,https://jp.mercari.com/item/m22922612632
hobbies,20231222-398383-1328,ノーブランド品,ポケットモンスター ポケモン プライズ ぬいぐるみ 15点セット まとめ売り,,,ノーブランド,2277722051,いいえ,1,30000.0,https://static.mercdn.net/item/detail/orig/photos/m95153842349_1.jpg?1703208984,unisex,20231222-398383-1328,全国送料無料 新品の商品です。店舗でも販売しておりますので、在庫切れの場合はキャンセルさせていただく場合があります。セットものは別々に届く場合があります。お届けまでに1週間ｰ10日ほどかかる場合がございますので、ご了承願います。,https://jp.mercari.com/item/m95153842349
hobbies,20231222-941198-1328,ノーブランド品,ハイキュー 影山飛雄 ペンライト バースデイ ジャンプショップ限定 バースデー,,,ノーブランド,2277722051,いいえ,1,19442.5,https://static.mercdn.net/item/detail/orig/photos/m46113988732_1.jpg?1703208984,unisex,20231222-941198-1328,全国送料無料 新品の商品です。店舗でも販売しておりますので、在庫切れの場合はキャンセルさせていただく場合があります。セットものは別々に届く場合があります。お届けまでに1週間ｰ10日ほどかかる場合がございますので、ご了承願います。,https://jp.mercari.com/item/m46113988732
hobbies,20231222-943184-1328,ノーブランド品,呪術廻戦 BIGアクリルスタンド 五条悟,,,ノーブランド,2277722051,いいえ,1,16665.0,https://static.mercdn.net/item/detail/orig/photos/m66724454510_1.jpg?1703167858,unisex,20231222-943184-1328,全国送料無料 新品の商品です。店舗でも販売しておりますので、在庫切れの場合はキャンセルさせていただく場合があります。セットものは別々に届く場合があります。お届けまでに1週間ｰ10日ほどかかる場合がございますので、ご了承願います。,https://jp.mercari.com/item/m66724454510
hobbies,20231222-161217-1328,ノーブランド品,【 海外限定品！ 】デカヌチャン ポケモン プレイマット,,,ノーブランド,2277722051,いいえ,1,19750.0,https://static.mercdn.net/item/detail/orig/photos/m55365164010_1.jpg?1703208980,unisex,20231222-161217-1328,全国送料無料 新品の商品です。店舗でも販売しておりますので、在庫切れの場合はキャンセルさせていただく場合があります。セットものは別々に届く場合があります。お届けまでに1週間ｰ10日ほどかかる場合がございますので、ご了承願います。,https://jp.mercari.com/item/m55365164010
hobbies,20231222-196104-1328,ノーブランド品,バトスピ　少年突破バシン　プレミアムカードセット　3セット　バトルスピリッツ,,,ノーブランド,2277722051,いいえ,1,37000.0,https://static.mercdn.net/item/detail/orig/photos/m40289974379_1.jpg?1703208976,unisex,20231222-196104-1328,全国送料無料 新品の商品です。店舗でも販売しておりますので、在庫切れの場合はキャンセルさせていただく場合があります。セットものは別々に届く場合があります。お届けまでに1週間ｰ10日ほどかかる場合がございますので、ご了承願います。,https://jp.mercari.com/item/m40289974379
hobbies,20231222-149393-1328,ノーブランド品,新品未開封ゆるキャンメスティン&カバー,,,ノーブランド,2277722051,いいえ,1,18000.0,https://static.mercdn.net/item/detail/orig/photos/m69466483809_1.jpg?1703034487,unisex,20231222-149393-1328,全国送料無料 新品の商品です。店舗でも販売しておりますので、在庫切れの場合はキャンセルさせていただく場合があります。セットものは別々に届く場合があります。お届けまでに1週間ｰ10日ほどかかる場合がございますので、ご了承願います。,https://jp.mercari.com/item/m69466483809
hobbies,20231222-364654-1328,ノーブランド品,【未開封】DM23-RP4 デュエル・マスターズTCG アビス・レボリューション 第4弾 「竜皇神爆輝」,,,ノーブランド,2277722051,いいえ,1,91600.0,https://assets.mercari-shops-static.com/-/small/plain/PhZcpUGT4X37vfubtzYBMZ.jpg@webp,unisex,20231222-364654-1328,全国送料無料 新品の商品です。店舗でも販売しておりますので、在庫切れの場合はキャンセルさせていただく場合があります。セットものは別々に届く場合があります。お届けまでに1週間ｰ10日ほどかかる場合がございますので、ご了承願います。,https://jp.mercari.com/shops/product/WS9h3SK2JqBUGd23zyTPTi
hobbies,20231222-479737-1328,ノーブランド品,【新品】限定車両 京阪電車 10000系 きかんしゃトーマス号 2013,,,ノーブランド,2277722051,いいえ,1,12500.0,https://static.mercdn.net/item/detail/orig/photos/m14712642762_1.jpg?1669699467,unisex,20231222-479737-1328,全国送料無料 新品の商品です。店舗でも販売しておりますので、在庫切れの場合はキャンセルさせていただく場合があります。セットものは別々に届く場合があります。お届けまでに1週間ｰ10日ほどかかる場合がございますので、ご了承願います。,https://jp.mercari.com/item/m14712642762
hobbies,20231222-884409-1328,ノーブランド品,鹿島沙希  Reバース パートナーカード　スターダム,,,ノーブランド,2277722051,いいえ,1,14000.0,https://static.mercdn.net/item/detail/orig/photos/m21876970919_1.jpg?1659062057,unisex,20231222-884409-1328,全国送料無料 新品の商品です。店舗でも販売しておりますので、在庫切れの場合はキャンセルさせていただく場合があります。セットものは別々に届く場合があります。お届けまでに1週間ｰ10日ほどかかる場合がございますので、ご了承願います。,https://jp.mercari.com/item/m21876970919
hobbies,20231222-339530-1328,ノーブランド品,丸美屋　ポケモンシール　コンプリート　手前,,,ノーブランド,2277722051,いいえ,1,20000.0,https://static.mercdn.net/item/detail/orig/photos/m15643670694_1.jpg?1703208967,unisex,20231222-339530-1328,全国送料無料 新品の商品です。店舗でも販売しておりますので、在庫切れの場合はキャンセルさせていただく場合があります。セットものは別々に届く場合があります。お届けまでに1週間ｰ10日ほどかかる場合がございますので、ご了承願います。,https://jp.mercari.com/item/m15643670694
hobbies,20231222-560151-1328,ノーブランド品,おジャ魔女どれみ ピリカピリララポロンコレクション 新品未開封 コンプ,,,ノーブランド,2277722051,いいえ,1,23747.5,https://static.mercdn.net/item/detail/orig/photos/m69282336876_1.jpg?1702770024,unisex,20231222-560151-1328,全国送料無料 新品の商品です。店舗でも販売しておりますので、在庫切れの場合はキャンセルさせていただく場合があります。セットものは別々に届く場合があります。お届けまでに1週間ｰ10日ほどかかる場合がございますので、ご了承願います。,https://jp.mercari.com/item/m69282336876
hobbies,20231222-770213-1328,ノーブランド品,【未開封品】【希少品】ぷにデコ スクイーズ すみっコぐらし,,,ノーブランド,2277722051,いいえ,1,23750.0,https://static.mercdn.net/item/detail/orig/photos/m97689725961_1.jpg?1702768520,unisex,20231222-770213-1328,全国送料無料 新品の商品です。店舗でも販売しておりますので、在庫切れの場合はキャンセルさせていただく場合があります。セットものは別々に届く場合があります。お届けまでに1週間ｰ10日ほどかかる場合がございますので、ご了承願います。,https://jp.mercari.com/item/m97689725961
hobbies,20231222-270128-1328,ノーブランド品,ジョジョの奇妙な冒険黄金の風 ちみっともぬいvol.1 vol.2 コンプセット,,,ノーブランド,2277722051,いいえ,1,46666.0,https://static.mercdn.net/item/detail/orig/photos/m56850970065_1.jpg?1703208963,unisex,20231222-270128-1328,全国送料無料 新品の商品です。店舗でも販売しておりますので、在庫切れの場合はキャンセルさせていただく場合があります。セットものは別々に届く場合があります。お届けまでに1週間ｰ10日ほどかかる場合がございますので、ご了承願います。,https://jp.mercari.com/item/m56850970065
hobbies,20231222-618506-1328,ノーブランド品,冬場に強〜い　送料込み　WEレッド瓦斯　Green瓦斯　トップ瓦斯　1100ml,,,ノーブランド,2277722051,いいえ,1,13750.0,https://static.mercdn.net/item/detail/orig/photos/m31932569332_1.jpg?1703203762,unisex,20231222-618506-1328,全国送料無料 新品の商品です。店舗でも販売しておりますので、在庫切れの場合はキャンセルさせていただく場合があります。セットものは別々に届く場合があります。お届けまでに1週間ｰ10日ほどかかる場合がございますので、ご了承願います。,https://jp.mercari.com/item/m31932569332
hobbies,20231222-461978-1328,ノーブランド品,ガイド機能付き電子ピアノ プレゼント 贈り物 お子様,,,ノーブランド,2277722051,いいえ,1,14000.0,https://static.mercdn.net/item/detail/orig/photos/m46942262612_1.jpg?1703208959,unisex,20231222-461978-1328,全国送料無料 新品の商品です。店舗でも販売しておりますので、在庫切れの場合はキャンセルさせていただく場合があります。セットものは別々に届く場合があります。お届けまでに1週間ｰ10日ほどかかる場合がございますので、ご了承願います。,https://jp.mercari.com/item/m46942262612
hobbies,20231222-233799-1328,ノーブランド品,新品未開封ゆるキャンスープポット,,,ノーブランド,2277722051,いいえ,1,15500.0,https://static.mercdn.net/item/detail/orig/photos/m18827087846_1.jpg?1703034119,unisex,20231222-233799-1328,全国送料無料 新品の商品です。店舗でも販売しておりますので、在庫切れの場合はキャンセルさせていただく場合があります。セットものは別々に届く場合があります。お届けまでに1週間ｰ10日ほどかかる場合がございますので、ご了承願います。,https://jp.mercari.com/item/m18827087846
hobbies,20231222-953675-1328,ノーブランド品,美品 新品未使用　SY-1 Synthesizer,,,ノーブランド,2277722051,いいえ,1,47500.0,https://static.mercdn.net/item/detail/orig/photos/m92505331262_1.jpg?1703208957,unisex,20231222-953675-1328,全国送料無料 新品の商品です。店舗でも販売しておりますので、在庫切れの場合はキャンセルさせていただく場合があります。セットものは別々に届く場合があります。お届けまでに1週間ｰ10日ほどかかる場合がございますので、ご了承願います。,https://jp.mercari.com/item/m92505331262
hobbies,20231222-168942-1328,ノーブランド品,Topps Finest ジュード・ベリンガム Bellingham レアカード,,,ノーブランド,2277722051,いいえ,1,90000.0,https://static.mercdn.net/item/detail/orig/photos/m71225249031_1.jpg?1703062658,unisex,20231222-168942-1328,全国送料無料 新品の商品です。店舗でも販売しておりますので、在庫切れの場合はキャンセルさせていただく場合があります。セットものは別々に届く場合があります。お届けまでに1週間ｰ10日ほどかかる場合がございますので、ご了承願います。,https://jp.mercari.com/item/m71225249031
hobbies,20231222-475183-1328,ノーブランド品,未来の一閃、古代の咆哮BOX,,,ノーブランド,2277722051,いいえ,1,52000.0,https://static.mercdn.net/item/detail/orig/photos/m28465292697_1.jpg?1703059795,unisex,20231222-475183-1328,全国送料無料 新品の商品です。店舗でも販売しておりますので、在庫切れの場合はキャンセルさせていただく場合があります。セットものは別々に届く場合があります。お届けまでに1週間ｰ10日ほどかかる場合がございますので、ご了承願います。,https://jp.mercari.com/item/m28465292697
hobbies,20231222-720475-1328,ノーブランド品,スピード発送！最安値！　アンパンマン　プリちぃビーンズ　パズル　セット　新品,,,ノーブランド,2277722051,いいえ,1,24950.0,https://static.mercdn.net/item/detail/orig/photos/m79394380314_1.jpg?1703170429,unisex,20231222-720475-1328,全国送料無料 新品の商品です。店舗でも販売しておりますので、在庫切れの場合はキャンセルさせていただく場合があります。セットものは別々に届く場合があります。お届けまでに1週間ｰ10日ほどかかる場合がございますので、ご了承願います。,https://jp.mercari.com/item/m79394380314
hobbies,20231222-269663-1328,ノーブランド品,ポケセン産　ポケモンカード　クレイバースト1BOXシュリンク付き,,,ノーブランド,2277722051,いいえ,1,39997.5,https://static.mercdn.net/item/detail/orig/photos/m38333763597_1.jpg?1703208947,unisex,20231222-269663-1328,全国送料無料 新品の商品です。店舗でも販売しておりますので、在庫切れの場合はキャンセルさせていただく場合があります。セットものは別々に届く場合があります。お届けまでに1週間ｰ10日ほどかかる場合がございますので、ご了承願います。,https://jp.mercari.com/item/m38333763597
hobbies,20231222-640419-1328,ノーブランド品,KING OF ARTIST エース special フィギュア　2種,,,ノーブランド,2277722051,いいえ,1,38000.0,https://static.mercdn.net/item/detail/orig/photos/m50689113630_1.jpg?1702625419,unisex,20231222-640419-1328,全国送料無料 新品の商品です。店舗でも販売しておりますので、在庫切れの場合はキャンセルさせていただく場合があります。セットものは別々に届く場合があります。お届けまでに1週間ｰ10日ほどかかる場合がございますので、ご了承願います。,https://jp.mercari.com/item/m50689113630
hobbies,20231222-986469-1328,ノーブランド品,ちいかわ　てんしとあくま　モモンガ　マスコット,,,ノーブランド,2277722051,いいえ,1,14997.5,https://static.mercdn.net/item/detail/orig/photos/m12338874197_1.jpg?1703080966,unisex,20231222-986469-1328,全国送料無料 新品の商品です。店舗でも販売しておりますので、在庫切れの場合はキャンセルさせていただく場合があります。セットものは別々に届く場合があります。お届けまでに1週間ｰ10日ほどかかる場合がございますので、ご了承願います。,https://jp.mercari.com/item/m12338874197
hobbies,20231222-423848-1328,ノーブランド品,新品未開封 ひぐらしのなく頃に 解 羽入 エンジェルモート制服ver. あみあみ,,,ノーブランド,2277722051,いいえ,1,55110.0,https://static.mercdn.net/item/detail/orig/photos/m80413203464_1.jpg?1702951481,unisex,20231222-423848-1328,全国送料無料 新品の商品です。店舗でも販売しておりますので、在庫切れの場合はキャンセルさせていただく場合があります。セットものは別々に届く場合があります。お届けまでに1週間ｰ10日ほどかかる場合がございますので、ご了承願います。,https://jp.mercari.com/item/m80413203464
hobbies,20231222-996039-1328,ノーブランド品,完全新品未開封ポケモンカード シャイニートレジャーex 1BOX シュリンク付き,,,ノーブランド,2277722051,いいえ,1,20000.0,https://static.mercdn.net/item/detail/orig/photos/m52918816307_1.jpg?1703208703,unisex,20231222-996039-1328,全国送料無料 新品の商品です。店舗でも販売しておりますので、在庫切れの場合はキャンセルさせていただく場合があります。セットものは別々に届く場合があります。お届けまでに1週間ｰ10日ほどかかる場合がございますので、ご了承願います。,https://jp.mercari.com/item/m52918816307
hobbies,20231222-995321-1328,ノーブランド品,私立恵比寿中学 小林歌穂 セブンネット特典 アクリルスタンド,,,ノーブランド,2277722051,いいえ,1,13887.5,https://static.mercdn.net/item/detail/orig/photos/m87035241974_1.jpg?1703208935,unisex,20231222-995321-1328,全国送料無料 新品の商品です。店舗でも販売しておりますので、在庫切れの場合はキャンセルさせていただく場合があります。セットものは別々に届く場合があります。お届けまでに1週間ｰ10日ほどかかる場合がございますので、ご了承願います。,https://jp.mercari.com/item/m87035241974
hobbies,20231222-327094-1328,ノーブランド品,ポケモンカード　ピカチュウS,,,ノーブランド,2277722051,いいえ,1,30555.0,https://static.mercdn.net/item/detail/orig/photos/m73800339656_1.jpg?1702046775,unisex,20231222-327094-1328,全国送料無料 新品の商品です。店舗でも販売しておりますので、在庫切れの場合はキャンセルさせていただく場合があります。セットものは別々に届く場合があります。お届けまでに1週間ｰ10日ほどかかる場合がございますので、ご了承願います。,https://jp.mercari.com/item/m73800339656
hobbies,20231222-611785-1328,ノーブランド品,ひよこちゃん秘密のカンカン,,,ノーブランド,2277722051,いいえ,1,19500.0,https://static.mercdn.net/item/detail/orig/photos/m55117608511_1.jpg?1703208935,unisex,20231222-611785-1328,全国送料無料 新品の商品です。店舗でも販売しておりますので、在庫切れの場合はキャンセルさせていただく場合があります。セットものは別々に届く場合があります。お届けまでに1週間ｰ10日ほどかかる場合がございますので、ご了承願います。,https://jp.mercari.com/item/m55117608511
hobbies,20231222-286415-1328,ノーブランド品,シュリンクあり！2BOX,,,ノーブランド,2277722051,いいえ,1,34997.5,https://static.mercdn.net/item/detail/orig/photos/m81701891347_1.jpg?1703208934,unisex,20231222-286415-1328,全国送料無料 新品の商品です。店舗でも販売しておりますので、在庫切れの場合はキャンセルさせていただく場合があります。セットものは別々に届く場合があります。お届けまでに1週間ｰ10日ほどかかる場合がございますので、ご了承願います。,https://jp.mercari.com/item/m81701891347
hobbies,20231222-582509-1328,ノーブランド品,新品　絵葉書　ポストカード90枚　郵政省　20世紀デザイン切手,,,ノーブランド,2277722051,いいえ,1,14000.0,https://static.mercdn.net/item/detail/orig/photos/m88343006656_1.jpg?1703208028,unisex,20231222-582509-1328,全国送料無料 新品の商品です。店舗でも販売しておりますので、在庫切れの場合はキャンセルさせていただく場合があります。セットものは別々に届く場合があります。お届けまでに1週間ｰ10日ほどかかる場合がございますので、ご了承願います。,https://jp.mercari.com/item/m88343006656
hobbies,20231222-985406-1328,ノーブランド品,超素敵♥️スティッチ♥️折り畳みヘアーブラシ❌即購入不可,,,ノーブランド,2277722051,いいえ,1,23747.5,https://static.mercdn.net/item/detail/orig/photos/m70387161296_1.jpg?1685404326,unisex,20231222-985406-1328,全国送料無料 新品の商品です。店舗でも販売しておりますので、在庫切れの場合はキャンセルさせていただく場合があります。セットものは別々に届く場合があります。お届けまでに1週間ｰ10日ほどかかる場合がございますので、ご了承願います。,https://jp.mercari.com/item/m70387161296
hobbies,20231222-857017-1328,ノーブランド品,DMMスクラッチ シュタインズゲート C賞 Tシャツ　シュタゲ,,,ノーブランド,2277722051,いいえ,1,24700.0,https://static.mercdn.net/item/detail/orig/photos/m12029872756_1.jpg?1703122503,unisex,20231222-857017-1328,全国送料無料 新品の商品です。店舗でも販売しておりますので、在庫切れの場合はキャンセルさせていただく場合があります。セットものは別々に届く場合があります。お届けまでに1週間ｰ10日ほどかかる場合がございますので、ご了承願います。,https://jp.mercari.com/item/m12029872756
hobbies,20231222-515326-1328,ノーブランド品,Red Yellow BESTOYARD 紅葉 造花 秋 ガーランド 人工観葉植物 季節飾り 家の装飾 撮影 DIY イベン 舞台 インテリア 室内 感謝祭 ハロウィン クリスマス 店舗装飾 店舗 雑貨 赤 黄色い,,,ノーブランド,2277722051,いいえ,1,13000.0,https://assets.mercari-shops-static.com/-/small/plain/fS496W3VZ4qUfG57jP6UQi.jpg@webp,unisex,20231222-515326-1328,全国送料無料 新品の商品です。店舗でも販売しておりますので、在庫切れの場合はキャンセルさせていただく場合があります。セットものは別々に届く場合があります。お届けまでに1週間ｰ10日ほどかかる場合がございますので、ご了承願います。,https://jp.mercari.com/shops/product/c9JBsLZuh6ZkDHMEaccSBG
hobbies,20231222-832650-1328,ノーブランド品,TravisJapan まとめ売り,,,ノーブランド,2277722051,いいえ,1,46000.0,https://static.mercdn.net/item/detail/orig/photos/m31727828414_1.jpg?1701589799,unisex,20231222-832650-1328,全国送料無料 新品の商品です。店舗でも販売しておりますので、在庫切れの場合はキャンセルさせていただく場合があります。セットものは別々に届く場合があります。お届けまでに1週間ｰ10日ほどかかる場合がございますので、ご了承願います。,https://jp.mercari.com/item/m31727828414
hobbies,20231222-636417-1328,ノーブランド品,新時代の主役   パラレルセット,,,ノーブランド,2277722051,いいえ,1,25247.5,https://static.mercdn.net/item/detail/orig/photos/m11162645083_1.jpg?1702338298,unisex,20231222-636417-1328,全国送料無料 新品の商品です。店舗でも販売しておりますので、在庫切れの場合はキャンセルさせていただく場合があります。セットものは別々に届く場合があります。お届けまでに1週間ｰ10日ほどかかる場合がございますので、ご了承願います。,https://jp.mercari.com/item/m11162645083
hobbies,20231222-954957-1328,ノーブランド品,ハイキュー　ジャンプショップ　影山飛雄　バースデイ　缶バッジ　ペンライト,,,ノーブランド,2277722051,いいえ,1,24997.5,https://static.mercdn.net/item/detail/orig/photos/m82698678382_1.jpg?1703208929,unisex,20231222-954957-1328,全国送料無料 新品の商品です。店舗でも販売しておりますので、在庫切れの場合はキャンセルさせていただく場合があります。セットものは別々に届く場合があります。お届けまでに1週間ｰ10日ほどかかる場合がございますので、ご了承願います。,https://jp.mercari.com/item/m82698678382
hobbies,20231222-284192-1328,ノーブランド品,Aぇ! group 末澤誠也 ちびぬい,,,ノーブランド,2277722051,いいえ,1,27500.0,https://static.mercdn.net/item/detail/orig/photos/m82034132290_1.jpg?1703208929,unisex,20231222-284192-1328,全国送料無料 新品の商品です。店舗でも販売しておりますので、在庫切れの場合はキャンセルさせていただく場合があります。セットものは別々に届く場合があります。お届けまでに1週間ｰ10日ほどかかる場合がございますので、ご了承願います。,https://jp.mercari.com/item/m82034132290
hobbies,20231222-588978-1328,ノーブランド品,初代まじかるちいかわ マジカルチャージマスコット ぬいぐるみ くりまんじゅう,,,ノーブランド,2277722051,いいえ,1,16250.0,https://static.mercdn.net/item/detail/orig/photos/m85783574171_1.jpg?1703208927,unisex,20231222-588978-1328,全国送料無料 新品の商品です。店舗でも販売しておりますので、在庫切れの場合はキャンセルさせていただく場合があります。セットものは別々に届く場合があります。お届けまでに1週間ｰ10日ほどかかる場合がございますので、ご了承願います。,https://jp.mercari.com/item/m85783574171
hobbies,20231222-883723-1328,ノーブランド品,ゴジラ-1.0 一番くじ ラストワン賞ゴジラ,,,ノーブランド,2277722051,いいえ,1,79600.0,https://static.mercdn.net/item/detail/orig/photos/m58229366443_1.jpg?1703208927,unisex,20231222-883723-1328,全国送料無料 新品の商品です。店舗でも販売しておりますので、在庫切れの場合はキャンセルさせていただく場合があります。セットものは別々に届く場合があります。お届けまでに1週間ｰ10日ほどかかる場合がございますので、ご了承願います。,https://jp.mercari.com/item/m58229366443
hobbies,20231222-841271-1328,ノーブランド品,イムイムウアモウラテール　未開封品,,,ノーブランド,2277722051,いいえ,1,12750.0,https://static.mercdn.net/item/detail/orig/photos/m53948846231_1.jpg?1701871147,unisex,20231222-841271-1328,全国送料無料 新品の商品です。店舗でも販売しておりますので、在庫切れの場合はキャンセルさせていただく場合があります。セットものは別々に届く場合があります。お届けまでに1週間ｰ10日ほどかかる場合がございますので、ご了承願います。,https://jp.mercari.com/item/m53948846231
hobbies,20231222-159427-1328,ノーブランド品,ポケモンカード　スカーレット&バイオレット　未来の一閃　古代の咆哮　シュリンク付,,,ノーブランド,2277722051,いいえ,1,27777.5,https://static.mercdn.net/item/detail/orig/photos/m63759687558_1.jpg?1700188068,unisex,20231222-159427-1328,全国送料無料 新品の商品です。店舗でも販売しておりますので、在庫切れの場合はキャンセルさせていただく場合があります。セットものは別々に届く場合があります。お届けまでに1週間ｰ10日ほどかかる場合がございますので、ご了承願います。,https://jp.mercari.com/item/m63759687558
hobbies,20231222-624281-1328,ノーブランド品,すみっコぐらし もっと遊んで学べちゃう！ すみっコパッド,,,ノーブランド,2277722051,いいえ,1,32500.0,https://static.mercdn.net/item/detail/orig/photos/m63798117555_1.jpg?1703208920,unisex,20231222-624281-1328,全国送料無料 新品の商品です。店舗でも販売しておりますので、在庫切れの場合はキャンセルさせていただく場合があります。セットものは別々に届く場合があります。お届けまでに1週間ｰ10日ほどかかる場合がございますので、ご了承願います。,https://jp.mercari.com/item/m63798117555
hobbies,20231222-815711-1328,ノーブランド品,影山飛雄 ハイキュー!! バースデイペンライト ジャンプショップ限定ver.,,,ノーブランド,2277722051,いいえ,1,19442.5,https://static.mercdn.net/item/detail/orig/photos/m57901111828_1.jpg?1703208917,unisex,20231222-815711-1328,全国送料無料 新品の商品です。店舗でも販売しておりますので、在庫切れの場合はキャンセルさせていただく場合があります。セットものは別々に届く場合があります。お届けまでに1週間ｰ10日ほどかかる場合がございますので、ご了承願います。,https://jp.mercari.com/item/m57901111828
hobbies,20231222-501996-1328,ノーブランド品,最強パワー　送料込み　WEブラック瓦斯　Green瓦斯　トップ瓦斯　1100ml,,,ノーブランド,2277722051,いいえ,1,14750.0,https://static.mercdn.net/item/detail/orig/photos/m56858299781_1.jpg?1703136942,unisex,20231222-501996-1328,全国送料無料 新品の商品です。店舗でも販売しておりますので、在庫切れの場合はキャンセルさせていただく場合があります。セットものは別々に届く場合があります。お届けまでに1週間ｰ10日ほどかかる場合がございますので、ご了承願います。,https://jp.mercari.com/item/m56858299781
hobbies,20231222-245036-1328,ノーブランド品,マクドナルド ハッピーセット ハローキティ 未開封6個,,,ノーブランド,2277722051,いいえ,1,12500.0,https://static.mercdn.net/item/detail/orig/photos/m68539258963_1.jpg?1703208914,unisex,20231222-245036-1328,全国送料無料 新品の商品です。店舗でも販売しておりますので、在庫切れの場合はキャンセルさせていただく場合があります。セットものは別々に届く場合があります。お届けまでに1週間ｰ10日ほどかかる場合がございますので、ご了承願います。,https://jp.mercari.com/item/m68539258963
hobbies,20231222-382463-1328,ノーブランド品,一番くじ 僕のヒーローアカデミア -vs- ラストワン賞 オールマイト,,,ノーブランド,2277722051,いいえ,1,22250.0,https://static.mercdn.net/item/detail/orig/photos/m95440694445_1.jpg?1703208911,unisex,20231222-382463-1328,全国送料無料 新品の商品です。店舗でも販売しておりますので、在庫切れの場合はキャンセルさせていただく場合があります。セットものは別々に届く場合があります。お届けまでに1週間ｰ10日ほどかかる場合がございますので、ご了承願います。,https://jp.mercari.com/item/m95440694445
hobbies,20231222-201822-1328,ノーブランド品,電光変身 DXブレーザーブレス,,,ノーブランド,2277722051,いいえ,1,15250.0,https://static.mercdn.net/item/detail/orig/photos/m70145229897_1.jpg?1703208910,unisex,20231222-201822-1328,全国送料無料 新品の商品です。店舗でも販売しておりますので、在庫切れの場合はキャンセルさせていただく場合があります。セットものは別々に届く場合があります。お届けまでに1週間ｰ10日ほどかかる場合がございますので、ご了承願います。,https://jp.mercari.com/item/m70145229897
hobbies,20231222-554962-1328,ノーブランド品,【 海外限定品！ 】ボチ ポケモン プレイマット,,,ノーブランド,2277722051,いいえ,1,19750.0,https://static.mercdn.net/item/detail/orig/photos/m63020150338_1.jpg?1703208910,unisex,20231222-554962-1328,全国送料無料 新品の商品です。店舗でも販売しておりますので、在庫切れの場合はキャンセルさせていただく場合があります。セットものは別々に届く場合があります。お届けまでに1週間ｰ10日ほどかかる場合がございますので、ご了承願います。,https://jp.mercari.com/item/m63020150338
hobbies,20231222-348059-1328,ノーブランド品,ももいろクローバーZ タオルセット　6枚,,,ノーブランド,2277722051,いいえ,1,12500.0,https://static.mercdn.net/item/detail/orig/photos/m38899156601_1.jpg?1703208908,unisex,20231222-348059-1328,全国送料無料 新品の商品です。店舗でも販売しておりますので、在庫切れの場合はキャンセルさせていただく場合があります。セットものは別々に届く場合があります。お届けまでに1週間ｰ10日ほどかかる場合がございますので、ご了承願います。,https://jp.mercari.com/item/m38899156601
hobbies,20231222-530211-1328,ノーブランド品,ホロライブ　雪花ラミィ　ラバーマット　プレイマット,,,ノーブランド,2277722051,いいえ,1,20750.0,https://static.mercdn.net/item/detail/orig/photos/m15970308045_1.jpg?1674568587,unisex,20231222-530211-1328,全国送料無料 新品の商品です。店舗でも販売しておりますので、在庫切れの場合はキャンセルさせていただく場合があります。セットものは別々に届く場合があります。お届けまでに1週間ｰ10日ほどかかる場合がございますので、ご了承願います。,https://jp.mercari.com/item/m15970308045
hobbies,20231222-231021-1328,ノーブランド品,全部セット 東京国立博物館 古代メキシコ展 Fate Grand Order,,,ノーブランド,2277722051,いいえ,1,57998.0,https://static.mercdn.net/item/detail/orig/photos/m63461870007_1.jpg?1702097178,unisex,20231222-231021-1328,全国送料無料 新品の商品です。店舗でも販売しておりますので、在庫切れの場合はキャンセルさせていただく場合があります。セットものは別々に届く場合があります。お届けまでに1週間ｰ10日ほどかかる場合がございますので、ご了承願います。,https://jp.mercari.com/item/m63461870007
hobbies,20231222-939029-1328,ノーブランド品,ハリーポッター　マンドレイク　フィギュア,,,ノーブランド,2277722051,いいえ,1,17497.5,https://static.mercdn.net/item/detail/orig/photos/m59088055150_1.jpg?1703153553,unisex,20231222-939029-1328,全国送料無料 新品の商品です。店舗でも販売しておりますので、在庫切れの場合はキャンセルさせていただく場合があります。セットものは別々に届く場合があります。お届けまでに1週間ｰ10日ほどかかる場合がございますので、ご了承願います。,https://jp.mercari.com/item/m59088055150
hobbies,20231222-837842-1328,ノーブランド品,バトル戦隊　スーパーデストロイガー　新品　未使用　未開封　レトロ　おもちゃ,,,ノーブランド,2277722051,いいえ,1,48750.0,https://static.mercdn.net/item/detail/orig/photos/m44897226575_1.jpg?1702556745,unisex,20231222-837842-1328,全国送料無料 新品の商品です。店舗でも販売しておりますので、在庫切れの場合はキャンセルさせていただく場合があります。セットものは別々に届く場合があります。お届けまでに1週間ｰ10日ほどかかる場合がございますので、ご了承願います。,https://jp.mercari.com/item/m44897226575
hobbies,20231222-627239-1328,ノーブランド品,アウラニディズニー　ステラルー　ぬいぐるみ　フェイスポシェット,,,ノーブランド,2277722051,いいえ,1,14997.5,https://static.mercdn.net/item/detail/orig/photos/m11547369149_1.jpg?1703208905,unisex,20231222-627239-1328,全国送料無料 新品の商品です。店舗でも販売しておりますので、在庫切れの場合はキャンセルさせていただく場合があります。セットものは別々に届く場合があります。お届けまでに1週間ｰ10日ほどかかる場合がございますので、ご了承願います。,https://jp.mercari.com/item/m11547369149
hobbies,20231222-172357-1328,ノーブランド品,【ポケモンカード】名探偵ピカチュウ スペシャルジャンボカードパック 新品未開封,,,ノーブランド,2277722051,いいえ,1,29192.5,https://static.mercdn.net/item/detail/orig/photos/m52972935049_1.jpg?1687397985,unisex,20231222-172357-1328,全国送料無料 新品の商品です。店舗でも販売しておりますので、在庫切れの場合はキャンセルさせていただく場合があります。セットものは別々に届く場合があります。お届けまでに1週間ｰ10日ほどかかる場合がございますので、ご了承願います。,https://jp.mercari.com/item/m52972935049
hobbies,20231222-984122-1328,ノーブランド品,影山飛雄 バースデイペンライト ジャンプショップ限定ver.,,,ノーブランド,2277722051,いいえ,1,18332.5,https://static.mercdn.net/item/detail/orig/photos/m57295131896_1.jpg?1703208902,unisex,20231222-984122-1328,全国送料無料 新品の商品です。店舗でも販売しておりますので、在庫切れの場合はキャンセルさせていただく場合があります。セットものは別々に届く場合があります。お届けまでに1週間ｰ10日ほどかかる場合がございますので、ご了承願います。,https://jp.mercari.com/item/m57295131896
hobbies,20231222-310545-1328,ノーブランド品,"Fender Transition Logo Zip Front Hoodie, Black, Lサイズ ジップフロントパーカー〈フェンダー〉",,,ノーブランド,2277722051,いいえ,1,24750.0,https://assets.mercari-shops-static.com/-/small/plain/9ZiuXUBFxGwooYFudfAPMK.jpg@webp,unisex,20231222-310545-1328,全国送料無料 新品の商品です。店舗でも販売しておりますので、在庫切れの場合はキャンセルさせていただく場合があります。セットものは別々に届く場合があります。お届けまでに1週間ｰ10日ほどかかる場合がございますので、ご了承願います。,https://jp.mercari.com/shops/product/nEQgoH2PCVszWsc6Z8w2nR
hobbies,20231222-182564-1328,ノーブランド品,タイニータン　一番くじ　D N A グク　ホビ　クリアファイル　チャーム,,,ノーブランド,2277722051,いいえ,1,22500.0,https://static.mercdn.net/item/detail/orig/photos/m79807049315_1.jpg?1703208895,unisex,20231222-182564-1328,全国送料無料 新品の商品です。店舗でも販売しておりますので、在庫切れの場合はキャンセルさせていただく場合があります。セットものは別々に届く場合があります。お届けまでに1週間ｰ10日ほどかかる場合がございますので、ご了承願います。,https://jp.mercari.com/item/m79807049315
