1.商品タイプ,2.出品者SKU,3.ブランド名,4.商品タイトル,5.商品コード,6.商品コードのタイプ,7.メーカー名,8.推奨ブラウズノード,9.アダルド商品,10.在庫数,11.価格,12.商品画像URL,13.対象性別,14.商品のサブ画像URL1,15.商品のサブ画像URL2,16.商品のサブ画像URL3,17.商品のサブ画像URL4,18.メーカー型番,19.商品説明,20.参照用→,21.メルカリページ
hobbies,20230407-523257-1328,ノーブランド品,ユニオンアリーナ 伏黒恵 SR★★【出荷まで平均1～3日】,,,ノーブランド,2277722051,いいえ,1,19442.5,https://static.mercdn.net/item/detail/orig/photos/m69506564383_1.jpg?1680790938,unisex,,,,,20230407-523257-1328,全国送料無料 新品の商品です。店舗でも販売しておりますので、在庫切れの場合はキャンセルさせていただく場合があります。セットものは別々に届く場合があります。お届けまでに1週間ｰ10日ほどかかる場合がございますので、ご了承願います。, ,https://jp.mercari.com/item/m69506564383
hobbies,20230407-545827-1328,ノーブランド品,名探偵コナン　警察学校ジャージ　降谷零(安室透)【出荷まで平均1～3日】,,,ノーブランド,2277722051,いいえ,1,28750,https://static.mercdn.net/item/detail/orig/photos/m54991715750_1.jpg?1679413464,unisex,,,,,20230407-545827-1328,全国送料無料 新品の商品です。店舗でも販売しておりますので、在庫切れの場合はキャンセルさせていただく場合があります。セットものは別々に届く場合があります。お届けまでに1週間ｰ10日ほどかかる場合がございますので、ご了承願います。, ,https://jp.mercari.com/item/m54991715750
hobbies,20230407-253920-1328,ノーブランド品,新品　未使用品　激レア　わいわいベビーハウス　セサミストリート  80s 90s【出荷まで平均1～3日】,,,ノーブランド,2277722051,いいえ,1,40750,https://static.mercdn.net/item/detail/orig/photos/m35028882200_1.jpg?1665595248,unisex,,,,,20230407-253920-1328,全国送料無料 新品の商品です。店舗でも販売しておりますので、在庫切れの場合はキャンセルさせていただく場合があります。セットものは別々に届く場合があります。お届けまでに1週間ｰ10日ほどかかる場合がございますので、ご了承願います。, ,https://jp.mercari.com/item/m35028882200
hobbies,20230407-113210-1328,ノーブランド品,【未開封・全16種あり】ドラゴンボール　ミニフィギュアセレクション　全16種【出荷まで平均1～3日】,,,ノーブランド,2277722051,いいえ,1,21250,https://static.mercdn.net/item/detail/orig/photos/m67326877199_1.jpg?1680822102,unisex,,,,,20230407-113210-1328,全国送料無料 新品の商品です。店舗でも販売しておりますので、在庫切れの場合はキャンセルさせていただく場合があります。セットものは別々に届く場合があります。お届けまでに1週間ｰ10日ほどかかる場合がございますので、ご了承願います。, ,https://jp.mercari.com/item/m67326877199
hobbies,20230407-498814-1328,ノーブランド品,ビックリマン　千葉ロッテマリーンズ　フルコンプ　非売品【出荷まで平均1～3日】,,,ノーブランド,2277722051,いいえ,1,24500,https://static.mercdn.net/item/detail/orig/photos/m48581577997_1.jpg?1680698462,unisex,,,,,20230407-498814-1328,全国送料無料 新品の商品です。店舗でも販売しておりますので、在庫切れの場合はキャンセルさせていただく場合があります。セットものは別々に届く場合があります。お届けまでに1週間ｰ10日ほどかかる場合がございますので、ご了承願います。, ,https://jp.mercari.com/item/m48581577997
hobbies,20230407-860716-1328,ノーブランド品,ポケモンカード　CL TOP32 デッキシールド　スリーブ【出荷まで平均1～3日】,,,ノーブランド,2277722051,いいえ,1,87200,https://static.mercdn.net/item/detail/orig/photos/m65070217122_1.jpg?1679754580,unisex,,,,,20230407-860716-1328,全国送料無料 新品の商品です。店舗でも販売しておりますので、在庫切れの場合はキャンセルさせていただく場合があります。セットものは別々に届く場合があります。お届けまでに1週間ｰ10日ほどかかる場合がございますので、ご了承願います。, ,https://jp.mercari.com/item/m65070217122
hobbies,20230407-289887-1328,ノーブランド品,ロッテオンライン限定　水墨スーパーデビル　スーパーゼウス【出荷まで平均1～3日】,,,ノーブランド,2277722051,いいえ,1,24500,https://static.mercdn.net/item/detail/orig/photos/m11304605246_1.jpg?1680698997,unisex,,,,,20230407-289887-1328,全国送料無料 新品の商品です。店舗でも販売しておりますので、在庫切れの場合はキャンセルさせていただく場合があります。セットものは別々に届く場合があります。お届けまでに1週間ｰ10日ほどかかる場合がございますので、ご了承願います。, ,https://jp.mercari.com/item/m11304605246
hobbies,20230407-804484-1328,ノーブランド品,証明書付　元アメリカ大統領 ドナルドトランプ.ブラック＆24 KＴ.GＯLD【出荷まで平均1～3日】,,,ノーブランド,2277722051,いいえ,1,13750,https://static.mercdn.net/item/detail/orig/photos/m98062806149_1.jpg?1679395516,unisex,,,,,20230407-804484-1328,全国送料無料 新品の商品です。店舗でも販売しておりますので、在庫切れの場合はキャンセルさせていただく場合があります。セットものは別々に届く場合があります。お届けまでに1週間ｰ10日ほどかかる場合がございますので、ご了承願います。, ,https://jp.mercari.com/item/m98062806149
hobbies,20230407-277932-1328,ノーブランド品,トラック野郎 突撃一番星 SKYNET スカイネット ミニカー【出荷まで平均1～3日】,,,ノーブランド,2277722051,いいえ,1,16750,https://static.mercdn.net/item/detail/orig/photos/m59316290501_1.jpg?1652811195,unisex,,,,,20230407-277932-1328,全国送料無料 新品の商品です。店舗でも販売しておりますので、在庫切れの場合はキャンセルさせていただく場合があります。セットものは別々に届く場合があります。お届けまでに1週間ｰ10日ほどかかる場合がございますので、ご了承願います。, ,https://jp.mercari.com/item/m59316290501
hobbies,20230407-124430-1328,ノーブランド品,【正規品・新品未開封】ストライク・ザ・ブラッドIII 藍羽浅葱 抱き枕カバー【出荷まで平均1～3日】,,,ノーブランド,2277722051,いいえ,1,108888,https://static.mercdn.net/item/detail/orig/photos/m32855740867_1.jpg?1675002749,unisex,,,,,20230407-124430-1328,全国送料無料 新品の商品です。店舗でも販売しておりますので、在庫切れの場合はキャンセルさせていただく場合があります。セットものは別々に届く場合があります。お届けまでに1週間ｰ10日ほどかかる場合がございますので、ご了承願います。, ,https://jp.mercari.com/item/m32855740867
hobbies,20230407-830605-1328,ノーブランド品,IdentityⅤ 第五人格 ともぬい 猫耳スタイル vol.1【出荷まで平均1～3日】,,,ノーブランド,2277722051,いいえ,1,19997.5,https://static.mercdn.net/item/detail/orig/photos/m66147592649_1.jpg?1680822073,unisex,,,,,20230407-830605-1328,全国送料無料 新品の商品です。店舗でも販売しておりますので、在庫切れの場合はキャンセルさせていただく場合があります。セットものは別々に届く場合があります。お届けまでに1週間ｰ10日ほどかかる場合がございますので、ご了承願います。, ,https://jp.mercari.com/item/m66147592649
hobbies,20230407-600391-1328,ノーブランド品,日番谷冬獅郎　千年血戦篇ver.【出荷まで平均1～3日】,,,ノーブランド,2277722051,いいえ,1,12747.5,https://static.mercdn.net/item/detail/orig/photos/m74286966997_1.jpg?1680821236,unisex,,,,,20230407-600391-1328,全国送料無料 新品の商品です。店舗でも販売しておりますので、在庫切れの場合はキャンセルさせていただく場合があります。セットものは別々に届く場合があります。お届けまでに1週間ｰ10日ほどかかる場合がございますので、ご了承願います。, ,https://jp.mercari.com/item/m74286966997
hobbies,20230407-371434-1328,ノーブランド品,暗黒エンターテイメント 植物怪獣 乙式(蛍光蓄光レッド)【出荷まで平均1～3日】,,,ノーブランド,2277722051,いいえ,1,45000,https://static.mercdn.net/item/detail/orig/photos/m98270449920_1.jpg?1680105575,unisex,,,,,20230407-371434-1328,全国送料無料 新品の商品です。店舗でも販売しておりますので、在庫切れの場合はキャンセルさせていただく場合があります。セットものは別々に届く場合があります。お届けまでに1週間ｰ10日ほどかかる場合がございますので、ご了承願います。, ,https://jp.mercari.com/item/m98270449920
hobbies,20230407-969573-1328,ノーブランド品,新品　未開封品　ブラックラグーン シェンホア 1/8 完成品フィギュア【出荷まで平均1～3日】,,,ノーブランド,2277722051,いいえ,1,59600,https://static.mercdn.net/item/detail/orig/photos/m72003787033_1.jpg?1662138900,unisex,,,,,20230407-969573-1328,全国送料無料 新品の商品です。店舗でも販売しておりますので、在庫切れの場合はキャンセルさせていただく場合があります。セットものは別々に届く場合があります。お届けまでに1週間ｰ10日ほどかかる場合がございますので、ご了承願います。, ,https://jp.mercari.com/item/m72003787033
hobbies,20230407-584382-1328,ノーブランド品,草間彌生　ジグソーパズル　1000ピース【出荷まで平均1～3日】,,,ノーブランド,2277722051,いいえ,1,12500,https://static.mercdn.net/item/detail/orig/photos/m41300035423_1.jpg?1680822069,unisex,,,,,20230407-584382-1328,全国送料無料 新品の商品です。店舗でも販売しておりますので、在庫切れの場合はキャンセルさせていただく場合があります。セットものは別々に届く場合があります。お届けまでに1週間ｰ10日ほどかかる場合がございますので、ご了承願います。, ,https://jp.mercari.com/item/m41300035423
hobbies,20230407-657884-1328,ノーブランド品,スラムダンク　流川楓【出荷まで平均1～3日】,,,ノーブランド,2277722051,いいえ,1,66000,https://static.mercdn.net/item/detail/orig/photos/m26282131002_1.jpg?1680402533,unisex,,,,,20230407-657884-1328,全国送料無料 新品の商品です。店舗でも販売しておりますので、在庫切れの場合はキャンセルさせていただく場合があります。セットものは別々に届く場合があります。お届けまでに1週間ｰ10日ほどかかる場合がございますので、ご了承願います。, ,https://jp.mercari.com/item/m26282131002
hobbies,20230407-834657-1328,ノーブランド品,【新品未使用4点セット】ディズニーリゾート　ミッキー　グッズ【出荷まで平均1～3日】,,,ノーブランド,2277722051,いいえ,1,19000,https://static.mercdn.net/item/detail/orig/photos/m84253208441_1.jpg?1675162926,unisex,,,,,20230407-834657-1328,全国送料無料 新品の商品です。店舗でも販売しておりますので、在庫切れの場合はキャンセルさせていただく場合があります。セットものは別々に届く場合があります。お届けまでに1週間ｰ10日ほどかかる場合がございますので、ご了承願います。, ,https://jp.mercari.com/item/m84253208441
hobbies,20230407-375941-1328,ノーブランド品,ポケモン　カードゲーム　ハイクラスパック　Vster ユニバース　新品未開封【出荷まで平均1～3日】,,,ノーブランド,2277722051,いいえ,1,21250,https://static.mercdn.net/item/detail/orig/photos/m42952709546_1.jpg?1678171855,unisex,,,,,20230407-375941-1328,全国送料無料 新品の商品です。店舗でも販売しておりますので、在庫切れの場合はキャンセルさせていただく場合があります。セットものは別々に届く場合があります。お届けまでに1週間ｰ10日ほどかかる場合がございますので、ご了承願います。, ,https://jp.mercari.com/item/m42952709546
hobbies,20230407-430539-1328,ノーブランド品,ワンピース　ワールドコレクタブルフィギュア【出荷まで平均1～3日】,,,ノーブランド,2277722051,いいえ,1,47000,https://static.mercdn.net/item/detail/orig/photos/m37553782953_1.jpg?1673963213,unisex,,,,,20230407-430539-1328,全国送料無料 新品の商品です。店舗でも販売しておりますので、在庫切れの場合はキャンセルさせていただく場合があります。セットものは別々に届く場合があります。お届けまでに1週間ｰ10日ほどかかる場合がございますので、ご了承願います。, ,https://jp.mercari.com/item/m37553782953
hobbies,20230407-473436-1328,ノーブランド品,頭文字D クッション　　3点セット【出荷まで平均1～3日】,,,ノーブランド,2277722051,いいえ,1,27750,https://static.mercdn.net/item/detail/orig/photos/m88348167027_1.jpg?1680182988,unisex,,,,,20230407-473436-1328,全国送料無料 新品の商品です。店舗でも販売しておりますので、在庫切れの場合はキャンセルさせていただく場合があります。セットものは別々に届く場合があります。お届けまでに1週間ｰ10日ほどかかる場合がございますので、ご了承願います。, ,https://jp.mercari.com/item/m88348167027
hobbies,20230407-106889-1328,ノーブランド品,86 エイティシックス くじ引き堂 シン S賞セット【出荷まで平均1～3日】,,,ノーブランド,2277722051,いいえ,1,46942.5,https://static.mercdn.net/item/detail/orig/photos/m78495958786_1.jpg?1677326632,unisex,,,,,20230407-106889-1328,全国送料無料 新品の商品です。店舗でも販売しておりますので、在庫切れの場合はキャンセルさせていただく場合があります。セットものは別々に届く場合があります。お届けまでに1週間ｰ10日ほどかかる場合がございますので、ご了承願います。, ,https://jp.mercari.com/item/m78495958786
hobbies,20230407-305347-1328,ノーブランド品,ギアトジンガー MEMORIAL EDITION メモリアル エディション【出荷まで平均1～3日】,,,ノーブランド,2277722051,いいえ,1,42500,https://static.mercdn.net/item/detail/orig/photos/m60299262213_1.jpg?1680172301,unisex,,,,,20230407-305347-1328,全国送料無料 新品の商品です。店舗でも販売しておりますので、在庫切れの場合はキャンセルさせていただく場合があります。セットものは別々に届く場合があります。お届けまでに1週間ｰ10日ほどかかる場合がございますので、ご了承願います。, ,https://jp.mercari.com/item/m60299262213
hobbies,20230407-339257-1328,ノーブランド品,ドラゴンボール  BIG 造形天下一武道会 其之六 人造人間16号【出荷まで平均1～3日】,,,ノーブランド,2277722051,いいえ,1,17500,https://static.mercdn.net/item/detail/orig/photos/m10999719627_1.jpg?1676607541,unisex,,,,,20230407-339257-1328,全国送料無料 新品の商品です。店舗でも販売しておりますので、在庫切れの場合はキャンセルさせていただく場合があります。セットものは別々に届く場合があります。お届けまでに1週間ｰ10日ほどかかる場合がございますので、ご了承願います。, ,https://jp.mercari.com/item/m10999719627
hobbies,20230407-113175-1328,ノーブランド品,文豪ストレイドッグス　大博覧会 第二幕 中原中也 アクリルスタンド 2種【出荷まで平均1～3日】,,,ノーブランド,2277722051,いいえ,1,12777.5,https://static.mercdn.net/item/detail/orig/photos/m53594664480_1.jpg?1680561071,unisex,,,,,20230407-113175-1328,全国送料無料 新品の商品です。店舗でも販売しておりますので、在庫切れの場合はキャンセルさせていただく場合があります。セットものは別々に届く場合があります。お届けまでに1週間ｰ10日ほどかかる場合がございますので、ご了承願います。, ,https://jp.mercari.com/item/m53594664480
hobbies,20230407-991430-1328,ノーブランド品,にじさんじ 葛葉 楽天コレクション ぬいぐるみ 誕生日グッズ フルセット【出荷まで平均1～3日】,,,ノーブランド,2277722051,いいえ,1,40000,https://static.mercdn.net/item/detail/orig/photos/m34026148087_1.jpg?1677888203,unisex,,,,,20230407-991430-1328,全国送料無料 新品の商品です。店舗でも販売しておりますので、在庫切れの場合はキャンセルさせていただく場合があります。セットものは別々に届く場合があります。お届けまでに1週間ｰ10日ほどかかる場合がございますので、ご了承願います。, ,https://jp.mercari.com/item/m34026148087
hobbies,20230407-105634-1328,ノーブランド品,ワンピース　フイルム Zフィギュア　ゾロ☆サンジ　2点セット 未開封【出荷まで平均1～3日】,,,ノーブランド,2277722051,いいえ,1,14970,https://static.mercdn.net/item/detail/orig/photos/m97042270634_1.jpg?1680822051,unisex,,,,,20230407-105634-1328,全国送料無料 新品の商品です。店舗でも販売しておりますので、在庫切れの場合はキャンセルさせていただく場合があります。セットものは別々に届く場合があります。お届けまでに1週間ｰ10日ほどかかる場合がございますので、ご了承願います。, ,https://jp.mercari.com/item/m97042270634
hobbies,20230407-880289-1328,ノーブランド品,ジャイアンツ80アニバーサリー　カード【出荷まで平均1～3日】,,,ノーブランド,2277722051,いいえ,1,15000,https://static.mercdn.net/item/detail/orig/photos/m24723082765_1.jpg?1680822051,unisex,,,,,20230407-880289-1328,全国送料無料 新品の商品です。店舗でも販売しておりますので、在庫切れの場合はキャンセルさせていただく場合があります。セットものは別々に届く場合があります。お届けまでに1週間ｰ10日ほどかかる場合がございますので、ご了承願います。, ,https://jp.mercari.com/item/m24723082765
hobbies,20230407-828327-1328,ノーブランド品,ガンプラ バスターガンダム【出荷まで平均1～3日】,,,ノーブランド,2277722051,いいえ,1,15000,https://static.mercdn.net/item/detail/orig/photos/m72425777267_1.jpg?1680822049,unisex,,,,,20230407-828327-1328,全国送料無料 新品の商品です。店舗でも販売しておりますので、在庫切れの場合はキャンセルさせていただく場合があります。セットものは別々に届く場合があります。お届けまでに1週間ｰ10日ほどかかる場合がございますので、ご了承願います。, ,https://jp.mercari.com/item/m72425777267
hobbies,20230407-845379-1328,ノーブランド品,ミニカー　1/64 G-fans ローソン　ジオラマ【出荷まで平均1～3日】,,,ノーブランド,2277722051,いいえ,1,18750,https://static.mercdn.net/item/detail/orig/photos/m67556451866_1.jpg?1680822046,unisex,,,,,20230407-845379-1328,全国送料無料 新品の商品です。店舗でも販売しておりますので、在庫切れの場合はキャンセルさせていただく場合があります。セットものは別々に届く場合があります。お届けまでに1週間ｰ10日ほどかかる場合がございますので、ご了承願います。, ,https://jp.mercari.com/item/m67556451866
